,0,1,2,3,4,mean,std
ind_recibo_ult1_lag_1,997.8445691386431,542.283124515611,1292.9063832881536,225.14522551382004,581.9928453335456,728.0344295579546,418.5113734187444
ind_cco_fin_ult1,144.83141510094958,227.2352004773652,69.844218338771,121.50216717237143,221.89643125311378,157.0618864685142,67.35876315798555
ind_nom_pens_ult1_dist_neg_flank,108.47419952811043,128.14290739376247,145.7799317094096,113.24310437778784,146.58430490840806,128.4448895834957,17.74511201576742
ind_nomina_ult1_dist_neg_flank,98.37920816809903,91.42738773546633,81.38169734293675,111.51226913989268,98.44814790054167,96.22974205738728,11.029780164957348
ind_ctma_fin_ult1_p3,96.38661615577777,16.393091469325,134.2893365909,97.26319015842306,127.58250326369561,94.3829475276243,46.876056048690785
ind_nom_pens_ult1_dist_last_one,24.34014337359226,131.8348446300123,51.39149956050371,103.21569306163582,96.9028518615095,81.53700649745072,43.05862258422996
ind_nom_pens_ult1_lag_mean,1.5590182039393934,2.6429629330382345,19.415332837083717,4.86476720582857,356.4280885591748,76.98203394781294,156.38082639841363
ind_nomina_ult1_p1,121.6175121265245,114.38381701049998,36.45756815373442,45.557491170086095,14.787350024567852,66.56074769708258,48.33765658859875
ind_ecue_fin_ult1_p1,50.43411367443808,55.87185939671169,74.1962145118818,45.881868675120685,61.67673693962753,57.61215863955596,10.996640163698494
ind_nom_pens_ult1_dist_neg_flank_first,76.50646889087636,57.83566684701492,22.536099244987323,61.35946003536889,45.23478819378662,52.69449664240683,20.20952391667788
ind_tjcr_fin_ult1_p1,52.44205678307999,26.439827843728697,20.337722335822214,70.86960914360425,59.87368867034813,45.992580955316654,21.757925833814138
ind_tjcr_fin_ult1_dist_neg_flank,44.547012313372285,46.893895041079695,37.24901238879688,44.141670192089805,47.96149939470936,44.15861786600961,4.178439734724756
ind_nom_pens_ult1_dist_first_one,63.99278139551759,23.64565931476812,79.3606137984908,26.800012599762905,14.693473207280144,41.698508063163914,28.251598425618205
ind_ctma_fin_ult1_dist_pos_flank_first,47.98361922709121,40.90415797466908,40.78564707649186,45.52925959308971,33.01938387616059,41.64441354950049,5.721760053567777
ind_cco_fin_ult1_new,40.58598690930232,34.270212287270304,49.71444587012905,43.83278870756272,34.92882624582673,40.66645200401822,6.436819626337719
ind_recibo_ult1_new,38.72829698248236,36.616691607796696,24.379057989414235,51.13083590919941,46.60631122459884,39.49223874269831,10.287463026680834
ind_nom_pens_ult1_p1,26.192798761616412,48.49994976191594,62.19449805340675,32.20156379850939,23.18476810048394,38.45471569518649,16.485689316379062
ind_nomina_ult1_dist_neg_flank_first,26.895044661025562,28.5648721803373,57.462921764228305,37.50484088669538,39.284959699922375,37.94252783844179,12.176070613970708
ind_recibo_ult1_p1,5.80511564007088,89.80649932009304,3.531742223056041,3.943548165618787,85.72333497225621,37.762048064218995,45.677018980371464
ind_ctju_fin_ult1,33.02011306764728,39.49955175240256,40.391703294816125,26.453664556687368,39.826329254600005,35.83827238523067,6.0426853153422
ind_recibo_ult1_dist_last_one,28.411579244817702,33.16112448493543,38.75621753443163,26.342441441640336,30.188812298655115,31.37203500089604,4.8266996614812925
ind_reca_fin_ult1_lag_1,25.3818314216,35.81517944305263,29.510756919850003,24.836752069055553,26.70856826209091,28.45061762312982,4.496467366106295
ind_ctju_fin_ult1_dist_pos_flank,9.48027515,,44.6978035,,,27.089039325,24.902553112914482
ind_ctma_fin_ult1_lag_mean,30.215667833011768,4.534326139552381,4.468166557037036,40.11249715853846,50.08108060494167,25.88234765861626,20.74342467964958
ind_nomina_ult1_dist_last_one,35.50641122673077,16.011399681144447,18.434086621424846,29.165963401349202,26.962680684759306,25.216108323081713,7.988502418279645
ind_nom_pens_ult1,15.366722961887037,27.278115613841653,47.81497908129349,18.212521229327265,11.722589985043484,24.078985774278586,14.462289380234873
ind_ctju_fin_ult1_p1,5.00783157,16.20737482,,49.6128616,25.1744232,24.0006227975,18.96334548993052
ind_ctpp_fin_ult1_p1,22.380338051333332,21.574091600870965,22.527682098,23.899342149090902,22.695758355384616,22.615442450935962,0.836994120442432
ind_ctma_fin_ult1_dist_last_one,24.809341726226393,24.08008529432258,23.325996556535003,19.765863391885237,15.365686160711759,21.469394625936197,3.9234933038454227
ind_nom_pens_ult1_lag_1,11.809859328571429,29.320525027000002,18.538953978545457,16.894458949636363,20.82785276025,19.478330008800647,6.4236725084465425
ind_ctju_fin_ult1_lag_exp_mean2,37.588507764054555,13.284709758400002,4.182535082692308,21.397413652727273,18.10789648833334,18.912212549241495,12.290843519984161
ind_ctma_fin_ult1_lag_exp_mean1,16.974213988998276,18.85409355452692,23.607117052433107,13.647609253609595,19.7453466178457,18.56567609348272,3.660978939844447
ind_recibo_ult1_dist_neg_flank,7.598512776825857,17.47061284023088,34.23771608956319,25.0643533191304,8.24472089904458,18.523183184958985,11.356017853477182
ind_nom_pens_ult1_lag_exp_mean2,12.153823749492895,13.575937321586835,20.595890396033706,30.504840222828722,15.734367883733889,18.51297191473521,7.427603436522066
ind_tjcr_fin_ult1,16.60437151509914,27.195974134448917,14.106476968004925,21.311757797083676,11.51337443826366,18.146390970580065,6.217116294017976
ind_ctma_fin_ult1_dist_pos_flank,19.467968245515582,30.931793953105522,16.512250158403894,19.099794906275676,4.279655783956451,18.058292609451424,9.500526686815766
ind_cno_fin_ult1_dist_last_one,17.701353147216157,23.418071672525475,13.79305438119351,16.38621553056507,17.239955763606705,17.707730099021383,3.531923736112857
ind_cno_fin_ult1,26.867135830946072,16.46355020273857,11.147232384153229,16.585710524916674,16.44634125149688,17.501994038850285,5.725408726898436
ind_ecue_fin_ult1_dist_neg_flank,21.134226189452374,15.370043396103094,18.23754249084464,16.139055217659863,16.263183620147615,17.428810182841517,2.3262002044160766
ind_valo_fin_ult1_p1,15.282851742230772,21.159799709571427,20.83796929235833,18.839855600125,10.309200628375002,17.285935394532107,4.547680993193497
ind_nom_pens_ult1_lag_exp_mean1,52.930834053688294,6.3291812308263955,13.572564548209366,3.1682654570241264,7.947825098403469,16.789734077630328,20.55283566141374
ind_cno_fin_ult1_new,13.649602426204334,14.969495367468545,18.681309291593386,18.101748885037654,16.42275088903712,16.364981371868208,2.103909322585165
ind_ctop_fin_ult1_dist_neg_flank,15.259173664048607,15.203663714737264,16.10096522469826,16.1764656283686,18.53110646026616,16.25427493842378,1.3516222128897668
ind_ctop_fin_ult1_p1,13.326915255181818,9.72560982362963,16.170553637588885,18.30068552311765,23.147956813588227,16.134344210621244,5.070469439119413
ind_plan_fin_ult1_dist_pos_flank,,16.0171223,,,,16.0171223,
ind_tjcr_fin_ult1_dist_neg_flank_first,13.273442530030774,15.589695334040087,30.609951579992845,9.097630681063247,10.847750666366993,15.88369415829879,8.59031272557264
ind_ctju_fin_ult1_dist_last_one,12.599259552306668,14.35781523903024,15.364895275804875,17.04329096468182,13.351114825437495,14.543275171452219,1.7435579261168577
ind_ctop_fin_ult1_dist_neg_flank_first,11.24105526967078,17.279911674541996,10.98140796961734,14.525575722169386,12.039878939402021,13.213565915080304,2.669616359423868
ind_ctpp_fin_ult1_dist_neg_flank_first,11.69242202448529,9.483648288128848,16.084032025871696,14.668337297125007,13.534967847155361,13.09268149655324,2.5793571726151208
ind_reca_fin_ult1_dist_last_one,8.106701356997059,5.817423273346876,35.60714565235105,4.89170694015714,8.8144852522225,12.647492495014925,12.935015045732392
ind_ecue_fin_ult1_lag_1,14.562715859843744,10.80195023327451,10.858301607538463,16.698165766312243,10.181762140571427,12.620579121508078,2.861794423615362
ind_nomina_ult1,19.157248643217244,7.842351757933333,10.109026295241057,16.670174145499995,9.307694530379164,12.617299074454158,4.981008260184929
ind_recibo_ult1,9.207587165056427,15.842308556652666,20.223530862830536,6.8341636247131365,8.525852328337017,12.126688507517956,5.675884995934177
ind_reca_fin_ult1_new,11.79315609536006,12.072487097738232,10.666747913085972,12.634837012865388,13.074808853795716,12.048407394569074,0.9181660570591926
ind_ctma_fin_ult1_dist_first_one,9.069954645633013,15.81589398197999,7.960235616671862,14.275492702777722,13.059301537929086,12.036175696998333,3.3822829685196454
ind_ctpp_fin_ult1_dist_neg_flank,11.37439132037149,11.132730328118594,10.549233995256527,11.279268564051032,10.605194856055956,10.988163812770718,0.38540165662446885
ind_valo_fin_ult1_dist_neg_flank,10.416052162389239,12.119312640626273,10.656247700703998,11.492965493293845,9.903232345118129,10.917562068426296,0.8837357794259127
ind_ctju_fin_ult1_lag_2,13.773911644142855,11.689331996666667,19.12583105604,5.433910605944445,1.480739371625,10.300744934883793,6.952549542893216
ind_cno_fin_ult1_dist_neg_flank,12.722450193408298,13.669097665370805,7.9533540212260885,8.423669593141154,8.694792617269183,10.292672818083105,2.68434672999545
ind_ctju_fin_ult1_dist_pos_flank_first,4.30096579,,15.4961376,,,9.898551695,7.916181903399475
ind_cno_fin_ult1_lag_1,1.2585054703555558,9.9837700029,1.8561116534166666,0.96643916504,32.29082275190909,9.271129808724263,13.403046752170988
dist_first_valid_month,10.57459160855132,8.494437349032102,9.189181259738298,6.321139850529583,10.368437127364075,8.989557439043075,1.71894506263162
ind_ctju_fin_ult1_dist_neg_flank,10.94869946032258,8.152292111999998,11.430847564739134,10.112387367411765,4.1927899497727275,8.967403290849239,2.9481527914943277
ind_nomina_ult1_lag_exp_mean2,8.254866215668061,5.939834259986206,22.66974901225199,3.4736025845734004,4.441278829045035,8.955866180304938,7.87551815610271
first_valid_month,9.127825749843787,7.917766687728894,8.2851564235839,9.701050832566946,7.702430961487355,8.546846131042177,0.8436505849651252
ind_plan_fin_ult1_dist_pos_flank_first,8.53707027,,,,,8.53707027,
ind_pres_fin_ult1_lag_1,,,0.360747784,23.5408173,0.633471072,8.178345385333333,13.304989740493825
ind_ctma_fin_ult1_lag_exp_mean2,22.425887178192855,5.479660540173169,4.957531464659323,5.808630543072243,1.7449321891409093,8.0833283830477,8.179367365165566
ind_recibo_ult1_dist_neg_flank_first,28.0706468257339,2.4008876612274537,3.1344977519686856,4.106512215377036,2.523806591880692,8.047270209237555,11.21372823952705
ind_nom_pens_ult1_new,7.830311498485894,6.40456170229059,8.227167601812358,8.741587846220158,8.299020220062236,7.900529773774247,0.8966209713136438
ind_ctju_fin_ult1_p3,9.495523011666664,6.325414996,9.039103707692307,10.757357738,3.7455090326666665,7.872581697205128,2.8170506960463046
ind_recibo_ult1_lag_exp_mean2,8.448108956026456,5.510983153881917,6.857291642155709,7.65261869086964,10.81369988848955,7.856540466284654,1.9771486119642114
ind_nomina_ult1_p0,7.430323872150848,8.695029156311572,7.922244386019641,5.6050866534265245,8.8883081719176,7.708198447965238,1.3145914737392481
ind_new,8.620829018131023,7.230584700119353,7.783863475606118,8.069286511100865,6.510083032571176,7.6429293475057065,0.8079757896605497
n_new,6.57611979282406,7.385254595636914,7.51586046645613,7.75834416192665,8.297773880967359,7.506670579562223,0.6264852527049095
ind_nomina_ult1_new,6.900778908944042,9.511181167743628,5.842380089962852,6.826629104694649,7.882407373246814,7.392675328918398,1.3868751032670952
ind_tjcr_fin_ult1_new,7.136819215134578,6.617262244089184,8.45683046669884,7.135355760762852,7.410580491860982,7.351369635709287,0.6813877592655594
ind_valo_fin_ult1_dist_neg_flank_first,9.066795301259182,3.9409530291254247,8.626009138739214,7.008131964756867,7.808467290690171,7.290071344914172,2.031397023593155
ind_ctju_fin_ult1_new,8.41303240455148,5.65864589256045,6.257782605142551,6.165206144985181,6.01613408835877,6.5021602271196866,1.0922944651327986
ind_cco_fin_ult1_dist_last_one,3.754397050162601,1.9820635814796859,6.462641967415959,3.614269402827967,15.454361943378887,6.25354678905302,5.3887805584636475
ind_nomina_ult1_dist_first_one,3.196577139009276,17.43665788707333,2.371103851322489,2.3995821074423076,4.939985300831223,6.068781257135724,6.439879588901607
ind_nom_pens_ult1_dist_pos_flank,8.613196189372538,7.460572061816533,2.988496451878795,3.6811822684357334,4.157389347113645,5.380167263723449,2.4941123309608324
ind_reca_fin_ult1_lag_3,2.472126244740625,4.15150668551613,2.8453285094068965,8.87814557690698,8.041502020103447,5.2777218073348156,2.985707474881691
ind_reca_fin_ult1_p0,7.636535035553007,3.060567713197727,7.174989980231865,3.468125891923287,4.850326550200001,5.238109034221177,2.0933738836254707
ind_cno_fin_ult1_p1,2.4298500652947146,8.965957804541938,4.035091264629579,3.2539464015604658,7.384664808094999,5.213902068824339,2.8183372669989564
ind_ctpp_fin_ult1_lag_2,1.7525436120000006,4.997973072080001,6.232130792999999,5.7546930276521735,6.754699298995652,5.098407960745566,1.9789033549954969
ind_ctpp_fin_ult1_lag_1,19.85565323457143,1.0200084617142857,1.315649082953846,1.4785247077916663,1.8176213386499998,5.097491365136246,8.255089440718772
ind_reca_fin_ult1,5.07484227233647,7.917087048742413,3.402086285358954,3.6619130428410935,4.710606895713329,4.953307108998452,1.7980301998634642
ind_ctju_fin_ult1_dist_neg_flank_first,2.85919575425,3.5810180596428576,3.853136853142857,4.286314665,10.10867549,4.9376681644071425,2.936849220430755
ind_cno_fin_ult1_dist_neg_flank_first,7.431653227081025,4.417272122116755,2.657635958930689,1.9438884488426693,7.54635403590284,4.799360758574796,2.615417493470592
ind_recibo_ult1_dist_first_one,9.842940583013819,2.538298400356501,3.832763679283587,3.946306664827618,3.5867631398525575,4.7494144934668165,2.901294171216218
ind_dela_fin_ult1_dist_neg_flank,4.229464147417403,3.902505484059029,5.075768699830717,4.82167019260432,5.670968291414219,4.740075363065137,0.6978818833388337
ind_tjcr_fin_ult1_p0,5.675046329510347,5.017627174044588,4.205249749268604,3.904536224884935,4.811027237888279,4.722697343119351,0.6962208692527024
ind_ctju_fin_ult1_p0,5.346459271176472,4.380317685780001,6.320799414736842,4.395240404628573,3.0788981511599998,4.704342985496377,1.2111825235895162
ind_dela_fin_ult1_p1,10.866194044107896,1.5810868502055557,1.7318446326623076,6.47848464245278,2.5624207907666667,4.644006192039041,4.008618542488955
ind_ecue_fin_ult1_dist_neg_flank_first,5.583856936600834,3.3675580393982623,3.694415741883333,7.824504530916239,1.8693233824066038,4.467931726241055,2.2953095990301873
ind_fond_fin_ult1_dist_neg_flank,4.54615975029183,4.305253781538807,4.864528272468271,4.149557911592127,4.288369742568141,4.430773891691834,0.28132429081556337
ind_nomina_ult1_lag_2,3.755490428043999,4.854332921696971,8.295179484332143,2.425901118733333,2.3920101036999997,4.344582811301288,2.4345414711957303
ind_ctju_fin_ult1_lag_exp_mean1,3.2503835434482755,1.5926394808411763,4.499013924412499,6.216036821916664,6.163179568322499,4.344250667788223,1.9750915692336015
ind_cder_fin_ult1_p1,,,,4.27022696,,4.27022696,
ind_cco_fin_ult1_lag_exp_mean2,3.3101840904723847,3.9941770756599264,6.211294527203247,4.9904475274674756,2.566313462560403,4.2144833366726875,1.4293469894741306
ind_plan_fin_ult1_lag_1,14.965964555,0.87573029,2.4757696725,0.0507273376,2.6293463088333335,4.199507632786667,6.115822666636899
ind_ctju_fin_ult1_lag_mean,4.29583478,2.9583114557142856,3.1699981902000003,3.161162733333333,6.778128615599999,4.072687154969524,1.601309284374943
ind_ctma_fin_ult1_dist_neg_flank,3.5497147668277367,4.928283792925164,3.0570269044510905,4.235086780563252,3.9724190725209105,3.948506263457631,0.7064761722433298
ind_cco_fin_ult1_lag_1,2.8261664056130438,1.797681735668,2.745978272225926,9.344928013564104,2.9259650424758625,3.928143893909387,3.0617254775169203
ind_cder_fin_ult1_dist_neg_flank,4.2453281875,3.92040133,,3.692870379,3.6836303066666667,3.885557550791667,0.26366137252166677
ind_hip_fin_ult1_lag_1,2.7411007056666663,7.9577665598,3.1250435314000007,3.307436209,2.2164900137272725,3.8695674039187877,2.323240278265761
ind_ecue_fin_ult1_dist_last_one,4.89239279215782,2.169829746685826,3.0676672275073336,4.416999122053246,4.413656275778016,3.7921090328364486,1.134023694794105
ind_nom_pens_ult1_p0,2.927295003289941,6.104232630253433,2.4806670379586375,4.441211390243094,2.946531166667541,3.7799874456825293,1.495769039251381
ind_nomina_ult1_lag_1,,3.4550650099999998,2.9393876800000003,4.786027753333333,3.8085947,3.7472687858333336,0.7790669607686256
ind_cder_fin_ult1_dist_neg_flank_first,,4.1683313066666665,,3.946153045,2.89291054,3.669131630555556,0.6813443924013373
ind_tjcr_fin_ult1_dist_last_one,2.855063965546687,3.618459056151625,3.4647023450112133,4.6328437885464755,3.7343834729439234,3.6610905256399846,0.6402618283466459
ind_dela_fin_ult1_dist_neg_flank_first,3.2619360661327836,5.16365979198543,3.7704763810734074,2.3407511961381195,3.756933609201623,3.658751408906273,1.0224307351160573
ind_recibo_ult1_lag_exp_mean1,2.880222054210889,6.220618409239523,3.5136172646879205,2.0658100994092843,3.534661892670479,3.6429859440436188,1.5606050010706447
ind_cno_fin_ult1_p0,3.8225790217198305,3.395580639629447,3.2817001806385533,3.5405908285999987,3.8659923205832203,3.5812885982342104,0.25747536400841814
ind_ctma_fin_ult1_p1,2.4804505947625,3.706152235333334,4.329123717999999,4.1794884402,2.893511645585714,3.5177453267763097,0.8058200876896777
ind_fond_fin_ult1_p1,2.7498810693333335,5.113476040516667,3.754741273833333,1.8212150531714288,4.106655949790909,3.509193877329134,1.2665705825449756
ind_reca_fin_ult1_lag_2,7.533994557974997,1.4806928814,2.287445276528571,3.9459388636666666,2.196397027857895,3.4888937214856255,2.4350886905001663
ind_ecue_fin_ult1,1.9873689140371358,3.7704543766394805,2.8567961321582342,2.6599393320237574,6.163770323101889,3.4876658155920994,1.6260014750350968
ind_valo_fin_ult1_lag_2,2.527055458571428,1.0448377481333333,1.4943321487058825,1.4907032472631578,10.388860759499998,3.3891578724347595,3.9506136362444755
ind_ctju_fin_ult1_lag_1,0.14907275150000002,10.900344271766668,2.35030228125,2.74722433,0.634958029,3.3563803327033335,4.358543829958349
ind_ctju_fin_ult1_lag_3,5.110439844,2.740802368666667,1.8890953706142855,0.7009648904,6.02523258380125,3.2933070114964407,2.222762833115781
ind_dela_fin_ult1_lag_exp_mean2,3.313032866219117,3.9551168051632346,3.152080333606558,3.1458473867678554,2.694570901722857,3.2521296586959236,0.4555429960605383
ind_dela_fin_ult1,3.428194460653167,2.6717161432043532,3.2118442635802213,2.3638170207921045,4.1991692699731695,3.1749482316406032,0.7116354546201087
ind_ecue_fin_ult1_new,3.040798271274815,3.2327375892357626,3.3477376296995613,3.1917570263823896,3.0067906446960113,3.163964232257708,0.14066650828685473
ind_reca_fin_ult1_lag_exp_mean2,2.0192496243999996,8.948071160166668,1.578167863625,1.2743144681111112,1.9157499213846152,3.1471106075374786,3.2560869760869626
ind_nomina_ult1_lag_exp_mean1,3.3530942644314092,3.1901911208113907,1.845315368579272,2.314474339563959,5.025134755272606,3.1456419697317273,1.2205739542774225
ind_fond_fin_ult1_dist_neg_flank_first,3.2889807714280694,2.5512826490148948,2.816296975954546,2.9825543137890906,3.850725348439286,3.0979680117251776,0.49866152403491304
ind_cco_fin_ult1_lag_3,2.6189003058513047,3.764039064332574,4.26159060572459,1.8267657492011933,2.7262291438997424,3.039504973801881,0.9700811047640333
ind_dela_fin_ult1_dist_last_one,2.5695971870106065,3.1355460457743476,2.913918819457524,3.2477846506956896,3.244295114638322,3.0222283635152976,0.28706972891247406
tiprel_1mes,2.9623220146505176,2.9200510961476684,3.081327247066878,3.065359147317383,3.0318480158080843,3.0121815041981064,0.0688653540413958
n_products,4.048604453309733,2.7896508194548244,2.493263234900869,2.6710685373546794,2.797625855551621,2.9600425801143455,0.6208398446458985
ind_cno_fin_ult1_lag_exp_mean2,2.4112337224175326,3.407594948936057,5.4759955156479565,1.6312979912129864,1.7617415351889547,2.9375727426806972,1.583546381368182
ind_dela_fin_ult1_lag_2,3.4125861191212117,2.8740651705032265,2.6098850254230777,2.480792067714286,3.030603252379999,2.8815863270283604,0.36697446322343236
ind_nom_pens_ult1_lag_2,1.7781661807830509,3.6997326176961014,3.1118597438205127,3.5724261859384625,2.1683212027661756,2.866101186200861,0.8550925562139426
tiprel_1mes_combine,2.8319408893845806,2.9938304321195,2.7323225874838806,2.817704264425394,2.7612524535567693,2.8274101253940254,0.10152453823931054
segmento,2.7609194586046644,2.92463547867796,2.858777635355181,2.787471084446141,2.76438455628319,2.8192376426734276,0.07087154005122931
ind_cco_fin_ult1_lag_exp_mean1,2.5997828466196036,2.9217517771316475,2.8364024901238705,2.2637491801729928,3.2528945786404626,2.7749161745377156,0.3693805607559871
ind_cco_fin_ult1_dist_neg_flank,2.702550540732374,3.160419480305987,2.844770539858156,2.5074023458462515,2.603133867190986,2.763655354786751,0.25454272500891156
ind_pres_fin_ult1_dist_neg_flank_first,2.7008369,,,,,2.7008369,
ind_cder_fin_ult1_lag_1,3.9930489112,0.7384312749999999,1.1968086776666667,4.572834671666667,2.97033909125,2.6942925253566665,1.6852107847768265
ind_tjcr_fin_ult1_lag_2,3.7565206219381584,2.5955683259627844,1.449472406430681,2.472216785323943,3.081484959720213,2.671052619875156,0.8491447571971328
ind_pres_fin_ult1_dist_neg_flank,2.80715108,2.3461408475,,2.76961279,,2.6409682391666665,0.25601694077103293
ind_cder_fin_ult1_lag_3,1.6958005738233335,4.408838995396154,4.325475405615625,1.236306932725,1.4830200834615386,2.62988839820433,1.5944886972707306
ind_cco_fin_ult1_lag_4,2.832950007932394,2.037931974166217,3.3320133049180574,2.1567488338109757,2.7881377740398134,2.6295563789734913,0.5323366348223434
ind_nomina_ult1_dist_pos_flank,3.159868231581746,2.366630836228784,1.3278561970352303,2.457978698548167,3.788077275126829,2.6200822477041514,0.9241137155580508
ind_ctma_fin_ult1_p0,3.709693895995425,1.8797137304193816,1.9715084546052075,2.8905884193213107,2.6272643422720727,2.6157537685226795,0.7465216914595414
ind_valo_fin_ult1_lag_3,2.8708062122500007,2.9401760747499996,1.9250238210769233,1.980404412608,3.200013243535713,2.583284752844127,0.5888900991347159
ind_cco_fin_ult1_p2,2.5151641759561754,2.787245401979762,1.7744523430486487,3.092078421784666,2.69460600945045,2.5727092704439403,0.4927358425448011
ind_dela_fin_ult1_lag_1,5.876392612363637,0.6646907286099999,3.04515749536875,1.2760799884466667,1.8238504148749997,2.537234247932811,2.0623900212666118
ind_cno_fin_ult1_dist_first_one,2.636788984768242,2.139060110922283,2.5878385460764153,2.7098062235135987,2.4770483187342984,2.5101084368029674,0.22401951292417702
ind_cno_fin_ult1_dist_pos_flank,2.5958805765767403,2.396730788698527,2.2980090958384127,2.6946926724012443,2.4287518873662592,2.482813004176237,0.1598143504546057
ind_tjcr_fin_ult1_lag_exp_mean2,3.3008829648032947,1.9045356381952896,1.6711290128207998,1.8933566549131555,3.5826216710616636,2.4705051883588403,0.8970443904987083
ind_ecue_fin_ult1_p0,2.060720816764459,2.570249786291837,2.958862322618805,2.562960376822077,2.1713007158231354,2.4648188036640626,0.35856467687401916
ind_ctma_fin_ult1_lag_2,2.1436706281578948,2.83949241388611,1.4485627731363637,3.4529309571621623,2.2792413548,2.4327796254285063,0.7553086880738192
ind_actvidad_client_combine,2.282742409022471,2.87820149192923,2.5654069486716624,2.344549618559837,2.0479924540389742,2.423778584444435,0.3138241625570451
ind_cco_fin_ult1_p0,2.4004958446511773,2.705060414881168,1.6692420531218308,2.800876093235847,2.4897077942417876,2.4130764400263622,0.4458036124718857
ind_recibo_ult1_p0,2.3465838210706518,2.4331185941660234,2.07948926812736,2.977099012307989,2.182003647596663,2.4036588686537375,0.34898997183492636
ind_ecue_fin_ult1_lag_exp_mean2,1.9006280325679605,3.058415924099015,2.215890980547664,1.6995659057064818,3.121822761660215,2.3992647209162676,0.6573456736243711
ind_dela_fin_ult1_p3,3.2094976026666657,2.1074992197875,2.496592450836842,2.298779865454545,1.8414164007500002,2.390757107899111,0.5176888965448285
ind_ecue_fin_ult1_lag_exp_mean1,1.730938371876924,3.8894807242471017,1.510763439338528,3.118798835519907,1.688432260721685,2.387682726340829,1.0582036415928961
ind_nomina_ult1_lag_3,2.753899771281082,2.824550597458537,1.1232536673333335,2.647629784718751,2.4083697794142855,2.3515407200411977,0.7044889123168754
ind_actividad_cliente,2.18252444145982,2.3277437613781737,2.2403147521654705,2.4949646936134497,2.3411103553400396,2.3173316007913902,0.11867173536779456
ind_cco_fin_ult1_lag_mean,3.400876479491862,0.9281489316338709,2.7467006564903227,2.6989435286166663,1.7945639342441178,2.313846706095368,0.9626926758613071
ind_plan_fin_ult1_lag_4,2.902476445047619,2.4304839783846153,3.811574972492857,1.0637499030909092,1.2592016122928573,2.293497382261772,1.148501958933174
ind_tjcr_fin_ult1_lag_5,2.261835217681373,2.0078977909417257,2.933479025113235,2.2031169948991454,2.053765215416667,2.2920188488104296,0.37342178510003454
ind_dela_fin_ult1_dist_first_one,2.199256689727937,2.7838463707247088,1.545109087245812,2.0886982743172724,2.723642431108046,2.268110570624755,0.5082207850356814
ind_ctma_fin_ult1_lag_3,1.9679441785135134,2.2534748227200003,3.042522019958333,1.9948790108851058,2.0814218448795443,2.2680483753912997,0.44708369103156764
ind_ctju_fin_ult1_dist_first_one,2.2589001511129996,4.3524551633636355,1.1386426493428572,0.8241789945658332,2.702489664606,2.2553333245982654,1.404731495861407
ind_dela_fin_ult1_p0,2.346463916166407,2.035828453413131,1.932013389916484,2.406446744676923,2.3594120954325306,2.216032919921095,0.21619898275864236
ind_recibo_ult1_lag_mean,2.0922127988613632,2.251719361268478,1.032329490468936,1.2852959239670831,4.366277845372179,2.2055670839876074,1.3140619924330807
ind_plan_fin_ult1_lag_2,1.5364345934999997,4.024723769333333,1.3947824285714285,1.8161842680000002,2.2160266254,2.1976303369609522,1.0683930120452747
ind_dela_fin_ult1_new,2.113613663182062,2.3712107217089278,2.149407143823414,2.2688761584137414,2.078506808993355,2.1963228992243,0.12121495660731961
ind_valo_fin_ult1_lag_5,2.0344361409354845,2.3659901440630438,2.013022385733333,2.0491962237267396,2.393651817949999,2.1712593424817204,0.1910742173554291
ind_hip_fin_ult1_p0,2.8144142137037043,1.6444626070153845,1.2260806009166665,2.61613335057,2.4747662217368416,2.1551713987885193,0.6843356343102758
ind_dela_fin_ult1_lag_exp_mean1,2.777899228633575,1.9134724250938349,2.0953293184234627,1.6292978358490913,2.340831249194703,2.1513660114389337,0.43609907071618126
ind_dela_fin_ult1_lag_5,2.4483186251428575,1.756184789221519,2.248848735253749,2.324889520563855,1.9302423924999996,2.141696812536396,0.2882665999798582
ind_plan_fin_ult1_p0,1.8945417668920006,2.1380803414146343,1.8623604636551725,2.5653499758275866,2.1412319053333335,2.1203128906245454,0.2812131529555603
ind_nomina_ult1_lag_5,2.0826706253164993,1.9560165465162362,2.001818282989215,2.2249307896946062,2.233730219322093,2.09983329276773,0.12665161514600273
ind_plan_fin_ult1_p3,2.88087559,3.33849382,,,0.0453909412,2.0882534504000003,1.7839055565607371
ind_valo_fin_ult1_p0,1.7792408212826083,2.488570188851064,1.9374449619730774,2.2215146554656724,1.9444436033220334,2.0742428461788913,0.2810444057256317
ind_cco_fin_ult1_p1,2.1190212285585366,2.07906751298,2.28970173096,1.7830225263581354,2.0273046652062967,2.0596235328125934,0.18329945298773256
ind_tjcr_fin_ult1_lag_1,1.482391460555556,0.738879538,3.2386395636799996,3.208401504777777,1.5818885877142856,2.0500401309455234,1.1197212448642977
ind_reca_fin_ult1_lag_exp_mean1,2.1817925664475006,3.1189449545,1.188281773625,1.0966196178699998,2.5201351594370003,2.0211548143759,0.8701108974563898
ind_nuevo,1.9657882518479994,1.8946318863253142,2.3556531826614746,1.6718236577314818,2.180947664081936,2.013768928529641,0.26374984418260544
ind_reca_fin_ult1_dist_first_one,1.9483497683225006,1.5733234146081194,1.3921473093867776,2.5144495701389236,2.588791978654387,2.0034124082221414,0.5397873841000377
ind_plan_fin_ult1_lag_5,2.182537728451612,1.3021467903357142,2.9667122521724147,1.789132615842105,1.7238693845200002,1.9928797542643693,0.627557046024017
target_combine,1.9462718028648054,1.9260281796949954,1.9329894352416868,1.8907091487593455,2.16041094196712,1.9712819017055907,0.1077050135501026
ind_pres_fin_ult1_new,4.485629935638059,1.267242272994067,1.4597588873099876,1.329223464488952,1.2730477899431507,1.9629804700748434,1.4123295447227295
ind_cno_fin_ult1_lag_3,1.5249221776673467,1.6029500449857148,1.8129620317941166,1.8571778437970157,2.898160439225,1.9392345074938386,0.5538408894017984
ind_cder_fin_ult1_lag_4,4.202538058923077,1.4776145170333335,1.6712607314285715,1.188478496909091,1.125899866625,1.9331583341838143,1.287673207011346
ind_cno_fin_ult1_lag_mean,1.4791152843285718,2.0297722200000003,1.5888673848464288,0.9814659932608695,3.5454016655523812,1.9249245095976506,0.9796343047059988
ind_nom_pens_ult1_lag_5,1.7508294438119991,1.5760203321825246,2.1223579084831328,2.480440201101234,1.4208631493586543,1.870102206987509,0.4297299378736057
ind_valo_fin_ult1_lag_exp_mean2,2.325850415175,1.4302253949217392,2.27340560295,1.3744201498333335,1.9456433636000003,1.8699089852960147,0.4514583728617648
ind_pres_fin_ult1_p0,2.5552509684999998,1.6839032784166668,2.054455494166667,1.4222850952,1.6211371023333332,1.8674063877233333,0.44737357226216334
ind_fond_fin_ult1_lag_5,1.7808252721250002,1.9759593410033331,1.814664537871795,1.7813884344705884,1.955301391829268,1.861627795459997,0.09620212491892814
ind_tjcr_fin_ult1_dist_first_one,1.394559132392663,1.7629537266376205,1.92947933242887,2.1759043602031882,2.0406535838012756,1.8607100270927233,0.301375728738491
ind_dela_fin_ult1_lag_mean,1.4081508795969997,1.5406623168888887,1.208238765405,1.171365460004762,3.9707221059285716,1.8598279055648443,1.1895694683825806
ind_valo_fin_ult1_lag_mean,2.9191523311428567,1.4400334342166665,0.993261226,2.0511291405,1.8377479798999998,1.8482648223519047,0.7221060531651246
ind_ctop_fin_ult1_p0,1.9867303774629073,2.0674160749830985,1.7048294102226191,1.4533399983869042,1.886034411179105,1.8196700544469266,0.24549824520807786
ind_cno_fin_ult1_lag_exp_mean1,1.6245910242250003,1.7467278328505333,1.8418251424173022,2.2549915465417865,1.593328187800948,1.812292746767114,0.26661327910486177
ind_ctpp_fin_ult1_lag_3,2.662876605869566,1.7641254831935478,1.5452826813214282,1.3031168680689658,1.7546174138947368,1.8060038104696488,0.5146591414631381
ind_tjcr_fin_ult1_lag_3,2.1084511427006065,1.6275190040366014,1.6792413916927162,1.7755786546340913,1.8390886957317567,1.8059757777591543,0.18802940031182933
ind_fond_fin_ult1_p0,1.932996781116666,1.6718685965614035,2.094048572305085,1.1955451702482762,2.132190088607547,1.8053298417677954,0.38605188230409015
ind_ctma_fin_ult1_lag_4,1.1506705432440676,1.8401480498379315,1.8338590662749996,2.9710939510883336,1.0714599072864865,1.7734463035463637,0.762084847749202
ind_fond_fin_ult1_new,1.7222421302075201,1.7619876741378655,1.7717611143239413,1.76016746038469,1.8213370054471583,1.7674990769002352,0.03552818211755278
ind_ctpp_fin_ult1_p3,1.438811597976923,2.008624095375,1.88783362925,1.7128232505769232,1.7421158037777777,1.7580416753913248,0.2143849820688703
ind_dela_fin_ult1_lag_4,1.5647668383109097,1.7180925078690905,2.2051321044166667,1.4900597367906974,1.8017698226517855,1.75596420200783,0.27952899722610725
age,1.72460138455001,1.7026834773332784,1.7486080848796128,1.7736288502476045,1.7671672485928773,1.7433378091206766,0.029652122451267627
ind_valo_fin_ult1_dist_first_one,1.5404164088765955,1.8031330072607838,2.1255655675,2.1782655803826088,1.0624732790000002,1.7419707686039978,0.45923304276417365
ind_ecue_fin_ult1_p3,1.6018276037923078,1.697933473153846,1.8789660767804999,2.260287708755,1.2278059238,1.7333641572563305,0.37848205828735887
ind_fond_fin_ult1_lag_3,1.72395291345,1.1686873314411768,1.9305740155190478,1.73678752612,2.083183927,1.7286371427060452,0.34645132585392074
ind_cco_fin_ult1_dist_first_one,1.6676726428079947,1.4344460708772173,1.5893198055709676,1.9879449182090965,1.789763285754681,1.6938293446439914,0.20892187007869853
ind_ctju_fin_ult1_lag_4,2.881365292375,0.453420192,0.8170540274666666,2.2623264564,1.8972338895555554,1.6622799715594447,1.0096010363236598
antiguedad,1.6123945906328652,1.6533362698464593,1.6960913986112933,1.5822589714837996,1.7618004320189862,1.6611763325186808,0.07073426686784727
ind_valo_fin_ult1_lag_exp_mean1,1.735934270745312,1.5580779757999994,1.368543442422667,1.8124840052406777,1.8257117933803029,1.660150297517792,0.19481574295877183
ind_fond_fin_ult1_p3,1.7779493163142859,1.5934665398636363,1.6325848143515382,1.8706013013333334,1.42227476342,1.6593753470565589,0.173172298748007
ind_valo_fin_ult1_p3,1.1068747,2.0609682936,2.1599227520000004,1.2488254656,1.6892749865999999,1.6531732395599998,0.47072667951498154
ind_cno_fin_ult1_p3,1.6711763992980775,1.365699427558868,1.261749841493479,1.969012121017143,1.9661759836658332,1.6467627546066805,0.32927838836315854
ind_cco_fin_ult1_lag_5,2.3213345952250006,1.4207536579854159,1.4306067621767444,1.6432375866836728,1.407306201494792,1.6446477607131254,0.3905701584271968
ind_ctop_fin_ult1_dist_first_one,1.143140832283051,1.2244035290325,2.9691986652814815,1.678623053161971,1.1489077124887328,1.6328547584495472,0.7792250402989532
ind_ecue_fin_ult1_dist_first_one,1.6494772949907641,1.7323290217383338,1.3869617102730196,1.715407645234016,1.679933885967455,1.6328219116407177,0.1411260490564973
ind_cco_fin_ult1_lag_2,1.2477908464559526,2.0264710207749994,1.8565637011899994,1.2934725372988232,1.7190574918014083,1.6286711195042365,0.3448830810743433
ind_ctpp_fin_ult1_dist_last_one,1.9153336899087585,1.3010302103637497,1.6395297060138145,1.7570282947188158,1.512261092432575,1.6250365986875426,0.2343089379635221
ind_dela_fin_ult1_lag_3,1.9336077684772732,1.4585473390380952,1.4829504440249996,1.8263951760125003,1.4233135655,1.6249628586105735,0.2368336691348649
ind_cder_fin_ult1_lag_5,1.2164373485875,1.8273214874,2.096622228333333,2.0264900252499998,0.9179936246666666,1.6169729428474997,0.5222583262992643
ind_ctop_fin_ult1_lag_2,1.7732091223214286,1.3842714758818189,1.4929762015366668,1.6190592810275861,1.7898894874000004,1.6118811136335,0.17586199058036328
ind_ctpp_fin_ult1_p0,1.5550579248236365,1.3721561196884056,1.8356362230851848,1.925145489469697,1.3362074287673469,1.6048406371668542,0.2667611312886356
ind_hip_fin_ult1_lag_3,0.584902619,2.4702906043916664,1.0022283222000001,2.262289208,1.6969007382857144,1.6033222983754762,0.8051585197286313
ind_ecue_fin_ult1_lag_5,1.874689122462295,1.615738397893302,1.5575300204148146,1.3236807034473685,1.610991951822105,1.596526039207977,0.19616214273375843
ind_ctma_fin_ult1_new,1.5672371917317618,1.9334696972726688,1.4980880078999406,1.482794517229561,1.4471462586505863,1.5857471345569036,0.19921543947936077
ind_ctop_fin_ult1_new,1.5255319198549786,1.518293826463453,1.5582846954426008,1.6559643596206797,1.6292052909136525,1.577456018459073,0.062059172237675264
ind_fond_fin_ult1_lag_1,1.4163455922857142,1.48211180759,2.0995325393076922,1.3690316265555555,1.487342813,1.5708728757477926,0.2995644378460505
ind_plan_fin_ult1_lag_3,1.3394877351176473,1.5383458326499997,2.0042183500100004,1.4109373730666666,1.5033347934333332,1.5592648168555294,0.26069734095546676
ind_valo_fin_ult1_new,1.5589130585336328,1.5107700080853845,1.5092177018753192,1.6369704255788018,1.5631308298803408,1.5558004047906957,0.05208090067001486
ind_plan_fin_ult1_lag_exp_mean1,2.1934053576444446,1.4884026763735296,1.347223460261,1.1798418389135132,1.5656708425624999,1.5549088351509976,0.38601333066517657
ind_fond_fin_ult1_lag_mean,0.6437161645428571,1.61036041325,2.4063149166250004,1.8579696525000002,1.2507522812857144,1.5538226856407145,0.6600360682800294
ind_ctju_fin_ult1_lag_5,0.8243385038,0.9267923580833334,1.9302053856090906,1.8381899597142854,2.242333189875,1.552371879416342,0.6367650816587499
ind_ecue_fin_ult1_lag_2,1.5554722734128206,1.239764461455814,1.5867026453300002,1.698479054706383,1.6197595325680856,1.5400355934946206,0.17609592159666998
ind_cder_fin_ult1_new,1.52711849288814,1.405942478827311,1.696054954181877,1.5838762200289995,1.3925219517017566,1.5211028195256169,0.12686595405942422
ind_cno_fin_ult1_lag_5,1.3204243165291305,1.4164350881437497,1.5185455146202531,2.322015789478313,1.0159387889083336,1.5186718995359558,0.48678960336419563
ind_ctop_fin_ult1_lag_exp_mean2,1.1131255413289474,0.759600840964909,1.8174287982352944,2.18203637825641,1.6506398824132076,1.5045662882397537,0.5670946887244969
ind_nom_pens_ult1_lag_3,1.3354317599231704,1.571233410495594,1.4539218137550007,1.815473418830356,1.3291423002799998,1.5010405406568244,0.20186042305159657
active_percentage,1.3211635570790727,1.6523414057272714,1.374672852567457,1.523058378031042,1.6011934540423476,1.4944859294894381,0.14275595449018535
ind_valo_fin_ult1_dist_last_one,1.6154876243562506,1.3376455305303574,1.500886558678182,1.335531615947368,1.6700244654999998,1.4919151590024318,0.1543765656391655
ind_ctpp_fin_ult1_lag_5,1.6772595514276598,1.2787314710131579,1.4469570181621614,1.2543481437323531,1.7817522226333335,1.4878096813937334,0.23568007898554882
ind_nom_pens_ult1_p3,1.3317803422313435,1.6099078574401884,1.7639157509096512,1.49108343802125,1.2186223199910255,1.4830619417186919,0.2167069038806508
ind_tjcr_fin_ult1_lag_4,1.123912159313889,1.3202395878906428,1.1558994434183008,2.4832788583585073,1.3280323023685987,1.4822724702699879,0.567230098479734
ind_hip_fin_ult1_dist_first_one,4.192469416000001,0.3755274765,0.931238694818182,0.614250687,1.2734115841428573,1.477379571692208,1.5548838518737058
ind_hip_fin_ult1_lag_4,0.9369597193576735,1.056464078615385,1.3004267746666667,2.0707214725,2.0190942648333334,1.4767332619946116,0.5352670111548555
ind_pres_fin_ult1_lag_2,0.540993929,1.6701726706666664,1.492915785,2.059125239225,1.60223627,1.4730887787783333,0.563061672257704
ind_ctop_fin_ult1_p3,1.431236507657143,1.2430721238625002,1.8684978271000001,1.1442768622222221,1.6053479111374998,1.458486246395873,0.2896338958207049
ind_fond_fin_ult1_lag_2,1.3394691131764704,1.4984635316687502,1.807933574242105,1.0109498596357143,1.6341962006206903,1.4582024558687459,0.30374294192587226
ind_tjcr_fin_ult1_lag_exp_mean1,1.6432282568233083,1.34525007946986,1.5609775380030648,1.2992527315202613,1.429992668680521,1.455740254899403,0.1445562162761826
ind_ctop_fin_ult1_lag_5,1.8048221747162791,1.2019447792825397,1.3380114983493756,1.446966931191111,1.421263193033898,1.4426017153146407,0.2239045126818059
ind_nom_pens_ult1_p2,1.3493441147615384,1.4808140950462683,1.4658651478161293,1.4408178336173079,1.4727260999929315,1.441913458246835,0.05386707160832628
ind_ctop_fin_ult1_lag_1,2.4937668500714283,1.4852420092777776,0.924530443111111,1.1799843138666666,1.0705084147555555,1.4308064062165078,0.6288660142591463
ind_ctop_fin_ult1_lag_3,1.1147449377058825,1.2590022181677418,1.40188208928,1.8332765931823531,1.5253662285897434,1.426854413385144,0.27436010423589147
ind_reca_fin_ult1_lag_4,1.5291196132631577,1.2226841295275863,1.6552666708787882,1.197497420351724,1.4392166523837842,1.4087568972810083,0.1971266661632839
ind_fond_fin_ult1_dist_first_one,1.4785753317836956,1.4557611957058825,1.5361444117689251,1.259778458043243,1.3094582706561224,1.4079435335915738,0.11764680352551284
ind_nomina_ult1_lag_mean,0.48343067295000003,1.3143298577314286,1.6144280715400001,2.4684921436813894,1.1116144151025642,1.3984590322010766,0.7277100961588809
ind_ctop_fin_ult1_dist_last_one,1.1058112795438353,1.768257523842953,1.7622676333034968,1.1290861824444436,1.1939412044796431,1.3918727647228746,0.34238965712966274
ind_valo_fin_ult1_dist_pos_flank_first,2.040409917869697,0.8623176158204546,1.8841642974228574,0.8872689136781251,1.273672002852778,1.3895665495287823,0.5504429855494125
ind_plan_fin_ult1_dist_first_one,1.4014272035714286,1.593545381464,1.3652557375680003,1.1730772599583335,1.392071837172414,1.3850754839468353,0.1492582453206152
ind_fond_fin_ult1_lag_4,1.5123693572916668,1.3717338923076925,1.28596812245,1.098341105708,1.6404548683793103,1.381773469227334,0.20831749477212805
ind_ctpp_fin_ult1_new,1.2853665783166703,1.396384886594965,1.3865510878290415,1.3434404426456077,1.4108518099102705,1.3645189610593111,0.05088464487259759
ind_pres_fin_ult1_lag_5,2.092732393,1.1388891378750001,1.2021202804666664,1.444678302,0.9343486795,1.3625537585683332,0.44694228710202655
ind_cco_fin_ult1_p3,1.0871263230580892,1.2914978927222223,1.3967070293795694,1.3246240690060243,1.7110310390196084,1.3621972706371026,0.22635707142299535
ind_cno_fin_ult1_lag_4,1.445739551337374,1.1735672511317585,1.145070322798795,1.4078576710952382,1.611059534045714,1.356658866081776,0.19593917238171812
ind_cco_fin_ult1_dist_pos_flank,1.325198620283688,1.3210518973803018,1.4102344562705544,1.3368547854949864,1.3614506611656987,1.3509580841190458,0.03667633938570349
ind_ecue_fin_ult1_dist_pos_flank,1.1898844919624527,1.4333199619431576,1.3416422221817812,1.4507634038508477,1.3345767351490383,1.3500373630174554,0.10373063445372149
ind_tjcr_fin_ult1_lag_mean,1.6186479986975306,1.3506013825154757,1.1849761821987017,1.366925688256451,1.1907319301477612,1.3423766363631842,0.1766119955853445
ind_ctop_fin_ult1_lag_4,1.211310583919216,1.58024226957551,1.2821845612387759,1.1852872993318522,1.450817291925641,1.3419684011981992,0.16868391875230532
ind_ctma_fin_ult1_lag_1,1.53995967655,0.9577151892,1.2612983700833331,1.547655734,1.3965845732857145,1.3406427086238097,0.24425404182481913
ind_nom_pens_ult1_lag_4,1.2439425774613204,1.4157889357158417,1.2669654929743392,1.4098072128347572,1.34008832068336,1.3353185079339238,0.07916518070255418
ind_fond_fin_ult1_lag_exp_mean2,1.3682371974186047,1.3195452189999999,1.667869581365714,1.198891925580851,1.1163953503208335,1.3341878547372006,0.2112201592121283
ind_fond_fin_ult1_dist_last_one,1.3557226691357138,1.610076922058333,1.2533677964797107,1.0094336606788463,1.416756461326316,1.329071501935784,0.22094251714974608
ind_ctma_fin_ult1_dist_neg_flank_first,0.6486981462372973,1.2606668927222222,1.7735324826918923,2.3976196536293877,0.5447480491977776,1.3250530448957154,0.7781404674187257
ind_recibo_ult1_lag_3,1.345977092827795,1.4828372800949436,1.2521775057330093,1.2542333771592344,1.2722063320604795,1.3214863175750924,0.09796570515290223
ind_valo_fin_ult1_lag_4,1.2189826182380952,1.5020395963333337,1.6685394447336583,0.9370148239277776,1.2544925424846152,1.316213805143496,0.28094477496041126
canal_entrada,1.318911184632696,1.2996893381056471,1.3122391458390876,1.316114793870292,1.3150233822080903,1.3123955689311626,0.007494398820307761
ind_cno_fin_ult1_dist_pos_flank_first,1.2299092726592202,1.3093660241108598,1.0954718615167902,1.4108686135279587,1.4842147693086263,1.305966108224691,0.1523820448400257
ind_ctpp_fin_ult1_lag_4,1.5738050805731252,1.134506918720588,1.0895763464172412,1.3296996917567567,1.4012754191458336,1.305772691322709,0.19849902926349586
ind_ecue_fin_ult1_lag_mean,1.2133313278125,1.2189851925606061,1.6140606839999998,1.1072758667625,1.338615378826087,1.2984536899923387,0.1945062689468922
ind_ecue_fin_ult1_lag_3,1.1870473909795083,1.2108499110187503,1.2719015210588231,1.5910384927340742,1.2113709771088232,1.294441658579996,0.16874506431564773
ind_fond_fin_ult1_p2,1.320742905,2.673757135,0.5735173774777778,1.130351164543,0.7732015222,1.2943140208441555,0.8248562975887864
ind_cno_fin_ult1_lag_2,1.7688607511885244,1.1459382283263833,1.1269423017955553,1.2512286035900004,1.1641967407694918,1.291433325133991,0.2710943724693543
ind_cder_fin_ult1_lag_mean,1.94169247,1.4976017499999998,1.59673238,0.504984558,0.9078807353999998,1.28977837868,0.5753586807320893
ind_ecue_fin_ult1_lag_4,1.3967283622333333,1.4818548532083338,1.02596139948,1.280004740805883,1.248428921798276,1.2865956555051654,0.17297812181832048
ind_reca_fin_ult1_lag_5,1.1872101613583332,0.9861312899939393,1.42278468225,1.1317760217186792,1.6199438578865386,1.2695692026414982,0.25116946716592575
ind_cco_fin_ult1_dist_neg_flank_first,1.2067438575806453,1.3255215364097954,1.2970316824027834,1.2364259518714948,1.2596502678668295,1.2650746592263098,0.047243335950389764
ind_recibo_ult1_lag_4,1.1174946806026085,1.1412814996051728,1.230751105674337,1.3938235629810276,1.4376004062805492,1.264190251028739,0.14544776168212156
ind_cder_fin_ult1_lag_exp_mean2,1.23554313,1.45335999075,,1.2479856,1.1047806445,1.2604173413125,0.14401726973659323
ind_plan_fin_ult1_new,1.3026979770641958,1.243060930153072,1.2032280723637236,1.2304461221061735,1.2590970456836468,1.2477060294741622,0.03691760951362538
ind_hip_fin_ult1_lag_5,1.1590601630464286,1.6235047922999999,1.5099187302727268,1.2219426813333336,0.6908685377272727,1.2410589809359522,0.36343813995206853
ncodpers,1.2174815373318046,1.2542602726881409,1.2579462269232078,1.2332567633396991,1.2191724822430858,1.2364234565051877,0.019024996836913607
ind_nomina_ult1_lag_4,1.2133469047531649,1.3485699023672126,1.370627632405188,1.0761470984285715,1.0911898556999997,1.2199762787308273,0.13833733666899498
ind_hip_fin_ult1_lag_mean,0.832695186,1.23274544,,1.574092985,,1.2131778703333334,0.37108602968517423
ind_ctma_fin_ult1_p2,1.3714579053076927,0.9119652003476191,1.0473735268941178,1.2441446658826087,1.479990425,1.210986344686408,0.23205419095857466
ind_ctop_fin_ult1_lag_exp_mean1,1.12131208861508,1.4076561251960005,1.141669522447391,1.204027183668293,1.1724170044755358,1.2094163848804602,0.11516183902487998
ind_ecue_fin_ult1_dist_pos_flank_first,1.2030731993643917,1.0731846348892513,1.3083691275829545,1.2412145368018939,1.2202918667155742,1.2092266730708132,0.08590720228015725
indresi,1.3276260334785717,1.6542537368941175,1.035390035533077,1.6103233807933333,0.4025846663222222,1.2060355706042643,0.5132703120561969
ind_ecue_fin_ult1_p2,0.8942027904117243,0.9995117751480003,1.2758356673786844,1.047261482597778,1.7637246504814812,1.1961072732035336,0.34658955545146974
ind_tjcr_fin_ult1_p3,1.223587720548437,1.1667097751917295,1.4293780002552008,1.1331385663455293,1.017262826966911,1.1940153778615616,0.15162711980157775
ind_recibo_ult1_lag_2,1.02311631876,1.202984198221687,1.4841809274030304,1.1907388189643566,1.0607068729860212,1.192345427267019,0.18114284688925172
ind_recibo_ult1_p3,1.099075751773856,1.2282090994622805,1.253098649835396,1.385398093637255,0.9849431024251428,1.1901449394267858,0.1532459094161811
indfall,,1.44756198,,,0.8984211825,1.17299158125,0.38830118173843864
ind_ctpp_fin_ult1_lag_mean,0.5032568185999999,1.203361997875,1.6571715273999998,1.3706441829333331,1.0946322024,1.1658133458416666,0.4268624903437012
ind_recibo_ult1_dist_pos_flank_first,1.13999982320311,1.1603406645347454,1.1820760234583991,1.1185448534741846,1.1566002187429774,1.1515123166826835,0.02375582971380404
ind_plan_fin_ult1_lag_exp_mean2,0.662832663325,1.9455882149999997,1.327542927181818,0.9497392829249999,0.8450965065,1.1461599189863636,0.5086282721209882
ind_hip_fin_ult1_new,1.3173970102382735,1.303698677284525,0.98633596585298,1.0859937838000513,1.022510961265894,1.1431872796883447,0.15696268937900407
indext,1.1399476916558768,1.1639831117801387,1.1611253541184439,1.133014959237854,1.109883604251154,1.1415909442086936,0.02216193551692418
ind_cco_fin_ult1_dist_pos_flank_first,1.1695192204270934,1.0879175810641106,1.2060710422651388,1.1141505213877214,1.1018926783022338,1.1359102086892594,0.04996518014956825
ind_hip_fin_ult1_lag_2,1.5442811258,1.1883103222,1.205524982,1.1777144352,0.5616674844,1.13549966992,0.35561926675301847
ind_ctpp_fin_ult1,1.3044900154658463,0.9608580244999995,1.1277420296860434,1.465776935087841,0.8134267844714653,1.1344587578422392,0.26073272719531887
ind_cno_fin_ult1_p2,0.8743368530275001,1.4032813234577461,1.4249349017808985,0.9474328583733332,1.016743208593671,1.1333458290466298,0.26131150563099464
ind_plan_fin_ult1_lag_mean,0.43920368,0.490413487,1.6741209,1.6990472466666666,1.3442990782000002,1.1294168783733334,0.6229115468619879
ind_ctma_fin_ult1_lag_5,1.300938343520877,1.1051765740815556,1.2438468464444445,0.9559154821428573,1.0225554130705883,1.1256865318520646,0.14539081193975453
ind_nomina_ult1_p3,1.0498398682421874,1.0563550952875,1.0495676416473683,1.5011376790033892,0.953862506505128,1.1221525581371146,0.21608925508654478
ind_recibo_ult1_dist_pos_flank,1.1248850699464947,1.1180373298174613,1.1509446845328402,1.0706342543617529,1.0967616607657598,1.112252599884862,0.030257956364938523
ind_ctop_fin_ult1_lag_mean,0.8199263886000001,1.2908862672366668,1.1203321421,1.0977756717142857,1.1885423028166668,1.103492554493524,0.1754108663712932
ind_plan_fin_ult1_dist_last_one,0.8892281889193551,1.1090737776593749,1.0921052438458336,1.4032944379444443,1.0160867721111113,1.101957684096024,0.18945923059436193
ind_ctpp_fin_ult1_dist_first_one,1.2817614874423076,1.0955793558046876,1.08941268059322,0.9405429690221667,1.0449275240604166,1.09044480338456,0.12366475363573277
renta,1.0922976430894815,1.0948918596987,1.065150381060813,1.084671450617681,1.0881294802728039,1.085028162947896,0.01177931959736509
ind_recibo_ult1_lag_5,1.0909137705017289,1.049228224284513,1.1323892332672953,1.1277743779508898,1.0217569443674999,1.0844125100743853,0.048445685622679376
ind_cder_fin_ult1_p0,0.9514247619903229,1.0724828504551724,0.7519607789225807,1.285435705529355,1.3484666113784372,1.0819541416551737,0.24416023791504557
ind_nom_pens_ult1_dist_pos_flank_first,1.1105942940653968,1.1265919438600627,1.013340980519218,1.119740876145245,1.0377150395948687,1.0815966268369581,0.05221315439410656
ind_cder_fin_ult1_dist_first_one,1.022393026,0.8295574114555556,1.1161394405,1.2175849352222223,1.2151538993,1.0801657424955555,0.16166490521535204
ind_cder_fin_ult1_lag_exp_mean1,1.1659405329166665,1.1075150624285715,1.1527705793571428,0.9005447847333333,1.0634270166923077,1.0780395952256046,0.1071191313516736
indrel,0.8420471796363636,1.3167253915555557,1.0471734741111112,1.0170629314578945,1.158084993473684,1.076218794046922,0.1758727450020576
ind_pres_fin_ult1_lag_4,0.6885090605375,0.7443300459166666,1.455977038677778,1.1338713131937501,1.3483980832,1.074217108305139,0.3471565380477984
ind_reca_fin_ult1_dist_pos_flank_first,0.8598978906080643,0.8418397379068255,1.0720265613538638,1.0658038138461539,1.497357251198113,1.0673850509826042,0.26401787196055254
ind_pres_fin_ult1_lag_3,1.3458727835290325,1.0830273684482759,0.990678811502857,1.0959256809580646,0.8200126678230768,1.0671034624522613,0.19084759200641638
ind_tjcr_fin_ult1_dist_pos_flank_first,1.1611862673141153,1.0319602573183866,1.063942426829428,0.9816102205801294,1.0887255979951356,1.065484954007439,0.0668208883644845
ind_fond_fin_ult1_lag_exp_mean1,1.1741554642474759,1.0014703713124997,0.8793881882315795,1.123316540339081,1.1130032375358532,1.0582667603332978,0.11819593994000614
ind_ctop_fin_ult1,1.140883253997414,1.11615300476138,1.0421094530380637,1.083649687664039,0.9075476502585497,1.0580686099438892,0.09192076441437332
ind_ctpp_fin_ult1_lag_exp_mean1,1.063488934803,1.031177747114138,0.9896476159906568,0.9264513302249993,1.2605113998983972,1.0542554056062383,0.12616201857870818
ind_nomina_ult1_p2,0.8221298221657896,1.374150954056757,0.9522449407727274,1.0929870111274418,0.9958789143605259,1.0474783284966485,0.20694195530826995
ind_ctpp_fin_ult1_lag_exp_mean2,1.0178028001999997,0.8621466844077781,0.7874988375249999,1.2694749534800005,1.2827103121266668,1.043926717547889,0.22769020012458918
ind_cder_fin_ult1_dist_last_one,1.7222252045378572,0.8028008767076924,1.3853435968666667,0.5587502999111111,0.7398570938,1.0417954143646653,0.4905679805359015
sexo,1.0090594884924549,1.0050939525870124,1.0358458235307249,1.0666496607040012,1.0210551985900425,1.027540824780847,0.024929697455432085
ind_valo_fin_ult1_lag_1,0.9767241976666665,0.576966381,1.4158482588,1.3868210177874998,0.7633298664,1.0239379443308334,0.37256110444192847
ind_tjcr_fin_ult1_dist_pos_flank,0.975382224336904,1.0168398886421957,1.102983047189865,0.9579432752956069,1.0408055654404835,1.0187908001810109,0.05736618373038968
ind_hip_fin_ult1_dist_last_one,1.36165609676,0.9402555007692308,0.9630379272909092,0.7570476710130436,0.944492341025,0.9932979073716368,0.22226846181365978
ind_fond_fin_ult1,1.16777190694421,0.8005985506299513,0.825821206102985,0.9784371442023334,1.174988940798387,0.9895235497355733,0.17943237522474093
ind_reca_fin_ult1_lag_mean,0.497888595,1.1371403820000001,0.9937838606666666,1.32395743475,0.9645418895714285,0.983462432397619,0.30651273595412803
ind_dela_fin_ult1_dist_pos_flank,0.9169307894041042,0.9009796189459752,1.082603427941257,0.9796118466622226,1.029895090729244,0.9820041547365606,0.07618890492266933
ind_nomina_ult1_dist_pos_flank_first,0.9928227927897142,1.017115185097538,0.9147835247253459,0.9198287094814281,0.9842604372319509,0.9657621298651954,0.04588109748360972
ind_ctop_fin_ult1_dist_pos_flank_first,0.8760350339069444,0.9700461469000005,1.2857981851893936,0.9176260407694914,0.7641791712766668,0.9627369156084994,0.195831173411416
ind_ctpp_fin_ult1_dist_pos_flank_first,1.2662133038586791,0.6408103786958335,1.0747108493296298,1.0716269466170218,0.7589874736909091,0.9624697904384147,0.25575539700191274
ind_cder_fin_ult1,1.04697394,,0.646355271,1.17874515,,0.9573581203333333,0.27727782487300534
ind_cder_fin_ult1_lag_2,1.1595304568700002,0.7637100357,1.2423580486666668,0.9379095436777778,0.68050389555,0.9568023960928891,0.24321963235931918
ind_valo_fin_ult1_dist_pos_flank,0.76304217946175,0.9473741108161289,0.9710799879459768,0.8824228649647058,1.1899967266399998,0.9507831739657122,0.1561781987157709
ind_plan_fin_ult1,1.0425268756235297,0.7570429155083336,0.9915867954868853,0.9472972185805969,0.7360855445126787,0.8949078699424049,0.1397445044084629
ind_fond_fin_ult1_dist_pos_flank,0.9550104713015622,0.9900163744396706,0.8700007272652172,0.8296453253272729,0.7615801222581079,0.8812506041183662,0.09271084019338484
ind_ctma_fin_ult1,0.5063628746166666,0.9044113471666668,1.1763561286316666,1.0761223827884616,0.6800575251666667,0.8686620516740258,0.27650759809842973
pais_residencia,0.7969624975,0.7127983340285713,1.0558900161769231,0.722217378185,1.0020472265863634,0.8579830904953715,0.1605896022936576
ind_tjcr_fin_ult1_p2,0.945872560728205,0.6987421090930233,0.8560670220609756,0.8324513532955551,0.951692366752381,0.8569650823860281,0.10309466137067429
ind_dela_fin_ult1_p2,1.0252755595976,0.8288735487412903,0.6000116767461539,0.9416619696538461,0.8125043568066666,0.8416654223091113,0.16056348005631996
ind_hip_fin_ult1_dist_neg_flank,0.8555040800947369,0.7949804626666664,0.9374776027235294,0.7719723740416664,0.8337920738571428,0.8387453186767484,0.06408479419570837
ind_valo_fin_ult1_p2,0.3853610516666666,0.9135857918285714,1.4032138502000002,0.9372399251666668,0.43030107852,0.8139403394763811,0.419295409864289
ind_ctop_fin_ult1_dist_pos_flank,0.7352115741253096,0.866337215758148,0.8589757667776786,0.795584875713019,0.7854510475054384,0.8083120959759187,0.05468550546642264
ind_recibo_ult1_p2,0.8026985946125568,0.9296122144610333,0.7409286394779998,0.762334293490909,0.805044392193161,0.8081236268471319,0.07316115594693354
ind_cder_fin_ult1_p3,1.221321315,,0.384653866,,,0.8029875905,0.5916132267859499
ind_valo_fin_ult1,0.7021261395212767,1.0473008142935487,0.6138523228233334,0.6180423654770492,0.8462449004393443,0.7655133085109105,0.1834996288566027
ind_pres_fin_ult1_dist_last_one,0.9100798988571429,,0.8440004183333333,0.8222767824,0.48191828952,0.764568847277619,0.19209753094798826
ind_reca_fin_ult1_dist_pos_flank,0.7681466349527779,0.8580427117769867,0.8074306258785543,0.7936979368260868,0.5752571664368422,0.7605150151742496,0.10861922546331462
ind_fond_fin_ult1_dist_pos_flank_first,0.9309116606995005,0.5808256301607501,0.7911205844884058,0.736905023457647,0.7017442840308538,0.7483014365674314,0.1279898099477982
ind_ctpp_fin_ult1_dist_pos_flank,0.6009027416709677,0.6729234534386362,0.9295688877560975,0.5384906550594118,0.800512534669231,0.7084796545188689,0.1573878931434743
ind_hip_fin_ult1,0.6814588501619049,0.5735503484142855,0.6805308026176744,0.7565029486000001,0.6808890529999999,0.674586400558773,0.06527038873623058
ind_ctop_fin_ult1_p2,0.9338506135000001,0.7065000802727273,0.5694539989999999,0.5871979984285715,0.5748744755384616,0.674375433347952,0.15561829520074086
ind_ctpp_fin_ult1_p2,0.51322127125,0.507228474,1.012031782,0.425462395,0.8573606238750001,0.6630609092249999,0.2562819580544918
ind_empleado,0.5532599873529411,0.6626478648823528,0.6798764006666668,0.6295651305000001,0.64131226546,0.6333323297723921,0.04877294926152376
ind_hip_fin_ult1_dist_neg_flank_first,0.9020256071666667,0.398586157,0.7093400358000002,0.6105597541,0.46630515549999996,0.6173633419133335,0.20013785162089073
ind_hip_fin_ult1_lag_exp_mean1,0.7626465710916667,0.53626752549,0.5433788090285715,0.5402499533599999,0.6663327567500001,0.6097751231440476,0.10150619709061826
ind_dela_fin_ult1_dist_pos_flank_first,0.5474510022482927,0.5971348804660714,0.7490016845369234,0.5747176824844829,0.5665882166847458,0.6069786932841031,0.0813682064952068
ind_hip_fin_ult1_p1,0.5945994705,0.7796332960000001,0.46183690466666666,0.6246889385000001,0.385840595,0.5693198409333333,0.1526055055488028
ind_reca_fin_ult1_p2,0.8000035806400001,0.7086801482666667,0.92656137775,0.20927400153333334,0.0894425139,0.546792324418,0.37337501560776415
ind_pres_fin_ult1_p3,0.757971942,0.51916682,0.30012688,0.609386086,0.4211137,0.5215530856,0.17516552214290268
ind_hip_fin_ult1_lag_exp_mean2,0.445350498,0.6308823650166667,1.1333966666666666,0.15603549235,0.187994361,0.5107318766066666,0.39887069781410683
ind_pres_fin_ult1_dist_first_one,0.5305052961111111,0.594720037,0.41532982784285716,0.40587309804,0.49073210677777784,0.4874320731543492,0.07941583617989229
ind_pres_fin_ult1_lag_exp_mean2,0.4336673690714286,0.6113056736666667,0.28415911275,0.680142194,0.42787759725,0.4874303893476191,0.1583028229399024
ind_plan_fin_ult1_dist_neg_flank,,,,,0.427782893,0.427782893,
ind_pres_fin_ult1_lag_exp_mean1,0.36680886095,0.4938799129999999,0.37496918178823535,0.45231408852727273,0.3891445418761905,0.4154233172283397,0.05524229107884986
ind_pres_fin_ult1_lag_mean,0.2142927425,0.2929955535,0.41510280466666666,,0.454593703,0.3442462009166667,0.11062211913551402
ind_plan_fin_ult1_p1,,,,0.339204818,,0.339204818,
ind_hip_fin_ult1_p3,,0.289844692,,,,0.289844692,
ind_pres_fin_ult1,0.1184500362,0.33758593555,0.11421667,0.05337656161333334,0.08297203110000001,0.1413202468926667,0.11282339853543122
ind_cder_fin_ult1_dist_pos_flank_first,0.0838098377,0.148419425,,0.0892035142,0.0966244712,0.104514312025,0.02973776678851299
ind_cder_fin_ult1_p2,,,0.113974713,0.0745175853,,0.09424614915,0.02790040256281357
ind_cder_fin_ult1_dist_pos_flank,0.0954962037,0.0184292309,0.09096167075,0.050886832665,0.0549564353,0.062146074663,0.03174977778572537
